City,Lat,Lon,Max Temp,Humidity,Cloudiness,Windspeed,Country,Date
caravelas,-17.71,-39.25,83.05,61,32,12.75,BR,1604076263
albany,42.6,-73.97,34,88,100,6.64,US,1604076072
illoqqortoormiut,,,,,,,,
punta arenas,-53.15,-70.92,53.6,66,75,26.4,CL,1604076263
chokurdakh,70.63,147.92,4.26,94,100,5.84,RU,1604076041
tuatapere,-46.13,167.68,55.99,97,100,1.99,NZ,1604076264
turukhansk,65.82,87.98,2.23,90,32,7.74,RU,1604076264
kapaa,22.08,-159.32,66.2,88,1,8.05,US,1604076264
bay roberts,47.6,-53.26,37,53,55,10,CA,1604076265
nanortalik,60.14,-45.24,29.86,92,99,4.59,GL,1604076265
piura,-5.2,-80.63,80.96,46,100,7.63,PE,1604076265
kruisfontein,-34,24.73,59,64,24,1.99,ZA,1604076265
rikitea,-23.12,-134.97,75.36,70,66,6.71,PF,1604076266
tasiilaq,65.61,-37.64,32,96,75,3.36,GL,1604076266
atuona,-9.8,-139.03,77.34,73,42,13.11,PF,1604076041
ribeira grande,38.52,-28.7,69.8,88,75,24.16,PT,1604076266
puerto ayora,-0.74,-90.35,78.8,69,40,19.46,EC,1604076267
bingol,38.88,40.49,60.17,31,99,4.99,TR,1604076267
nikolskoye,59.7,30.79,48,93,40,6.71,RU,1604076267
tsihombe,,,,,,,,
port lincoln,-34.73,135.87,57.36,82,99,13,AU,1604076268
souillac,-20.52,57.52,69.8,52,75,14.99,MU,1604076075
kizukuri,40.81,140.39,45,95,61,3,JP,1604076268
omboue,-1.57,9.26,79.02,84,99,10.51,GA,1604076020
lakes entrance,-37.88,147.98,55.99,93,38,8.68,AU,1604076029
hermanus,-34.42,19.23,60.01,63,0,1.99,ZA,1604076269
socorro,31.65,-106.3,57.99,50,40,6.93,US,1604076269
vaini,-21.2,-175.2,71.6,78,75,19.98,TO,1604076269
kenai,60.55,-151.26,12.2,85,1,8.03,US,1604076270
yellowknife,62.46,-114.35,18,95,100,3,CA,1604076270
suzdal,56.43,40.44,39.69,85,93,4.18,RU,1604076270
vila velha,-20.33,-40.29,84.2,70,40,17.22,BR,1604076271
bandarbeyla,9.49,50.81,79.52,82,38,15.66,SO,1604076271
saint-augustin,51.23,-58.65,33.66,72,0,15.75,CA,1604076271
pochutla,15.74,-96.47,86,66,40,1.43,MX,1604076048
upernavik,72.79,-56.15,22.03,97,100,4.18,GL,1604076043
hithadhoo,-0.6,73.08,83.64,73,0,8.88,MV,1604076039
ushuaia,-54.8,-68.3,50,71,75,28.86,AR,1604076272
jiujiang,29.73,115.98,64.65,67,100,9.33,CN,1604076272
katsuura,35.13,140.3,55.4,54,0,21.92,JP,1604076273
atambua,-9.11,124.89,75.81,79,59,3.11,ID,1604076273
qaanaaq,77.48,-69.36,15.35,82,99,5.35,GL,1604076273
taolanaro,,,,,,,,
bluff,-46.6,168.33,55.99,97,100,1.99,NZ,1604076274
dingle,11,122.67,77.31,91,100,5.99,PH,1604076275
labytnangi,66.66,66.42,34.41,94,100,8.32,RU,1604076275
busselton,-33.65,115.33,64,52,18,2.66,AU,1604076275
kodiak,57.79,-152.41,35.6,69,90,5.82,US,1604076115
eyl,7.98,49.82,81.57,75,15,9.44,SO,1604076276
marcona,,,,,,,,
bethel,41.37,-73.41,35.6,93,90,9.17,US,1604076214
homer,59.64,-151.55,28,53,1,11.41,US,1604076277
saint george,37.1,-113.58,51.8,29,1,2.98,US,1604076067
lorengau,-2.02,147.27,80.67,76,100,3.4,PG,1604076277
lompoc,34.64,-120.46,51.8,93,20,4.47,US,1604076278
plettenberg bay,-34.05,23.37,56.21,59,0,3,ZA,1604076278
cusset,46.13,3.46,62.6,55,0,3.36,FR,1604076278
spartanburg,34.95,-81.93,63,42,1,9.17,US,1604076278
athabasca,54.72,-113.29,31.39,98,100,11.45,CA,1604076279
beloha,-25.17,45.05,72.43,57,0,15.48,MG,1604076279
abu dhabi,24.47,54.37,82.4,65,0,6.93,AE,1604076108
carnarvon,-24.87,113.63,73.4,78,90,9.17,AU,1604076279
geraldton,-28.77,114.6,68,88,40,8.05,AU,1604076061
constitucion,-35.33,-72.42,67.71,50,0,5.79,CL,1604076054
praia da vitoria,38.73,-27.07,71.6,83,40,23.64,PT,1604076040
yulara,-25.24,130.99,60.8,29,71,4.7,AU,1604076280
port shepstone,-30.74,30.45,65.5,82,100,16.46,ZA,1604076055
cayenne,4.93,-52.33,91.4,59,40,12.75,GF,1604076281
urcos,-13.69,-71.62,62.6,42,75,2.24,PE,1604076281
nizhneyansk,,,,,,,,
cherskiy,68.75,161.3,4.51,91,100,4.68,RU,1604076282
aras,42.56,-2.36,66.2,55,0,2.42,ES,1604076282
nuuk,64.18,-51.72,26.6,63,40,8.05,GL,1604076031
tiarei,-17.53,-149.33,75.2,88,75,1.12,PF,1604076282
maningrida,-12.07,134.27,79.86,56,0,3.33,AU,1604076283
magadi,12.97,77.23,73.4,60,20,4.23,IN,1604076283
sungaipenuh,-2.08,101.38,66.92,96,100,0.51,ID,1604076283
dubbo,-32.25,148.62,53.6,87,40,1.12,AU,1604076084
hobart,-42.88,147.33,44.6,93,9,6.93,AU,1604076088
inyonga,-6.72,32.07,77.54,39,83,3.49,TZ,1604076284
mataura,-46.19,168.86,55.99,97,100,1.99,NZ,1604076284
rincon,32.3,-81.24,68,52,1,11.41,US,1604076118
los llanos de aridane,28.66,-17.92,73.4,78,40,13.87,ES,1604076285
bredasdorp,-34.53,20.04,62.6,45,0,10.29,ZA,1604076040
naze,28.37,129.48,73.4,60,40,19.46,JP,1604076038
yar-sale,66.83,70.83,32.22,98,92,10.63,RU,1604076285
avarua,-21.21,-159.78,71.6,83,100,5.82,CK,1604076286
iracoubo,5.48,-53.2,86.99,65,97,14.36,GF,1604076286
amderma,,,,,,,,
hobyo,5.35,48.53,81.73,76,3,11.95,SO,1604075972
krasnyy oktyabr,56.12,38.88,39.96,85,86,3.31,RU,1604076287
hilo,19.73,-155.09,73.4,88,90,2.15,US,1604076128
lebu,-37.62,-73.65,59.56,64,0,14.16,CL,1604076288
jamestown,42.1,-79.24,39,93,90,6.93,US,1604076288
mys shmidta,,,,,,,,
talnakh,69.49,88.4,12.2,72,100,20.13,RU,1604076289
mahanoro,-19.9,48.8,69.08,76,9,6.04,MG,1604076289
dzerzhinsk,56.24,43.46,41,80,75,2.24,RU,1604076095
port elizabeth,-33.92,25.57,62.6,55,0,6.93,ZA,1604076289
samusu,,,,,,,,
tabiauea,,,,,,,,
konya,38.17,32.5,62.6,48,75,4.7,TR,1604076201
kalamb,19.05,73.95,71.92,57,2,2.98,IN,1604076291
nelson bay,-32.72,152.15,64.4,82,39,8.05,AU,1604076070
barrow,71.29,-156.79,19.4,92,20,13.87,US,1604076055
sabang,5.89,95.32,82.49,77,100,14.76,ID,1604076292
san cristobal,7.77,-72.22,86,62,40,3.36,VE,1604076292
boralday,43.36,76.86,33.8,64,0,6.71,KZ,1604076292
itoman,26.12,127.67,71.6,64,20,10.29,JP,1604076283
cape town,-33.93,18.42,63,59,0,26.4,ZA,1604076293
mahebourg,-20.41,57.7,69.8,52,75,14.99,MU,1604076293
ust-nera,64.57,143.2,-3.73,84,90,0.72,RU,1604076294
west wendover,40.74,-114.07,41,44,1,5.82,US,1604076294
attawapiskat,,,,,,,,
esso,55.93,158.7,18.36,91,36,1.83,RU,1604076294
acari,-15.43,-74.62,79.12,43,49,10.74,PE,1604076294
candawaga,,,,,,,,
maidstone,51.27,0.52,60.01,98,98,1.01,GB,1604076295
victoria,22.29,114.16,75,76,58,17.58,HK,1604076133
sisimiut,66.94,-53.67,21.45,91,91,5.37,GL,1604076030
yerbogachen,61.28,108.01,12.52,94,100,6.64,RU,1604076078
komsomolskiy,40.43,71.72,46.4,42,0,4.7,UZ,1604076049
georgetown,5.41,100.34,82.4,83,20,2.24,MY,1604076001
acapulco,16.86,-99.89,86,70,75,4.09,MX,1604076159
port alfred,-33.59,26.89,60.85,58,84,3.02,ZA,1604076297
srivardhan,18.03,73.02,78.48,69,1,5.46,IN,1604076297
codrington,-38.27,141.97,50.38,89,0,9.06,AU,1604076012
ulaangom,49.98,92.07,26.89,91,78,3.76,MN,1604076298
kamenskoye,,,,,,,,
arraial do cabo,-22.97,-42.03,78.8,83,40,8.05,BR,1604076298
touros,-5.2,-35.46,87.8,52,40,14.99,BR,1604076298
saint-philippe,-21.36,55.77,68,64,20,14.99,RE,1604076041
camabatela,-8.19,15.38,67.19,97,95,2.55,AO,1604076299
pakdasht,35.48,51.68,68,20,0,4.7,IR,1604076299
bartlesville,36.75,-95.98,55.99,54,1,6.93,US,1604076239
rio gallegos,-51.62,-69.22,60.8,41,75,36.91,AR,1604076072
kutum,14.2,24.67,82.15,21,65,10.6,SD,1604076049
clearwater,27.97,-82.8,73.4,56,0,10.29,US,1604076168
paracuru,-3.41,-39.03,82,71,20,21.99,BR,1604076301
castro,-24.79,-50.01,59.27,84,100,11.23,BR,1604076301
longyearbyen,78.22,15.64,17.6,72,0,2.24,SJ,1604076302
hamilton,39.18,-84.53,48.2,61,90,9.17,US,1604075767
belushya guba,,,,,,,,
east london,-33.02,27.91,59,82,20,3.36,ZA,1604076303
chaumont,48.12,5.13,57,77,89,5.17,FR,1604076304
nouadhibou,20.93,-17.03,75.2,64,0,17.22,MR,1604075983
xuanhua,40.61,115.04,49.35,51,83,3.76,CN,1604076305
pangnirtung,66.15,-65.71,8.76,84,33,0.2,CA,1604076305
colac,-38.33,143.58,52,98,34,5.01,AU,1604076306
ippy,6.27,21.22,72.81,91,35,2.26,CF,1604076306
balikpapan,-1.27,116.83,76.98,86,96,1.1,ID,1604076307
buguruslan,53.66,52.44,36.48,83,98,6.17,RU,1604076308
artyom,40.47,50.33,64.4,82,75,6.93,AZ,1604076308
dikson,73.51,80.55,11.98,95,100,28.25,RU,1604076309
havoysund,71,24.66,35.6,64,75,10.29,NO,1604076309
airai,-8.93,125.41,61.03,95,45,1.16,TL,1604076309
aklavik,68.22,-135.01,4.21,91,80,10.87,CA,1604076310
padang,-0.95,100.35,78.84,78,100,3.62,ID,1604076310
simplicio mendes,-7.85,-41.91,97.77,28,25,5.06,BR,1604076310
port blair,11.67,92.75,80.89,84,88,9.78,IN,1604076310
chapais,49.78,-74.85,23.22,92,40,3.51,CA,1604076311
sao filipe,14.9,-24.5,84.29,54,52,13.31,CV,1604076311
ambon,-3.7,128.18,78.01,15,7,7.34,ID,1604076311
nemuro,43.32,145.57,49.23,71,63,23.24,JP,1604076048
chagda,,,,,,,,
vanimo,-2.67,141.3,77.11,81,100,3.33,PG,1604076312
san ramon,37.78,-121.98,61,57,1,1.3,US,1604076129
clyde river,70.47,-68.59,17.49,93,95,5.57,CA,1604076313
tuktoyaktuk,69.45,-133.04,4.33,93,63,7.87,CA,1604076314
mobaye,4.32,21.18,72.77,94,85,1.25,CF,1604076315
aksarka,66.56,67.8,33.93,94,100,11.23,RU,1604075999
mauriti,-7.39,-38.77,96.8,23,0,4.7,BR,1604076070
ponta do sol,32.67,-17.1,73.4,69,20,19.46,PT,1604076315
ancud,-41.87,-73.82,62.01,63,0,11.41,CL,1604076316
mogadishu,2.04,45.34,80.38,79,20,11.74,SO,1604076257
yeppoon,-23.13,150.73,73.4,83,0,8.05,AU,1604076316
miri,4.41,114.01,77,94,40,4.21,MY,1604076316
lavrentiya,65.58,-171,21.54,87,80,6.96,RU,1604075993
praia,14.92,-23.51,86,58,0,20.8,CV,1604076044
barentsburg,,,,,,,,
byron bay,-28.65,153.62,71.6,88,40,6.93,AU,1604076297
plunge,55.91,21.84,48.99,93,90,4.7,LT,1604076318
belmonte,-15.86,-38.88,82.4,65,20,17.22,BR,1604076055
saint-francois,46.42,3.91,60.8,67,0,2.24,FR,1604076006
slave lake,55.28,-114.77,30.38,98,100,9.55,CA,1604076318
qaqortoq,60.72,-46.03,27.64,94,75,3.06,GL,1604076002
cabo san lucas,22.89,-109.91,79,65,20,0.04,MX,1604076319
sorland,67.67,12.69,37.4,55,0,12.75,NO,1604076319
vaitupu,,,,,,,,
hervey bay,-25.3,152.85,75,81,0,8.01,AU,1604076320
carutapera,-1.2,-46.02,88.3,54,29,10.96,BR,1604076050
thompson,55.74,-97.86,17.91,87,40,2.95,CA,1604076276
kyren,51.68,102.14,23.61,85,63,2.04,RU,1604076321
sentyabrskiy,,,,,,,,
xichang,27.9,102.26,61.43,78,13,2.24,CN,1604075978
ihosy,-22.4,46.12,61.81,76,0,12.77,MG,1604076322
colares,38.8,-9.45,75.2,64,0,6.93,PT,1604076322
taoudenni,22.68,-3.98,89.01,12,100,9.4,ML,1604076273
kahului,20.89,-156.47,71.6,94,90,10.29,US,1604076072
college,64.86,-147.8,12,85,90,3.36,US,1604076049
san quintin,30.48,-115.95,72.54,35,71,1.99,MX,1604076324
kirovskiy,45.09,133.51,33.13,94,27,4.85,RU,1604076324
louisbourg,,,,,,,,
acs,47.71,18.01,54,93,90,6.93,HU,1604076324
coquimbo,-29.95,-71.34,55.4,82,90,9.17,CL,1604075860
pacific grove,36.62,-121.92,48.2,100,90,4.79,US,1604076150
villa maria,-32.41,-63.24,69.01,42,82,4,AR,1604076325
uyuni,-20.46,-66.83,56.97,22,0,16.51,BO,1604076325
butaritari,3.07,172.79,81.66,78,98,17.83,KI,1604076326
saint peter,13.25,-59.62,80.6,88,75,21.92,BB,1604076326
shahreza,32.03,51.88,49.46,40,11,4.14,IR,1604076063
troitsko-pechorsk,62.71,56.2,33.8,91,100,11.23,RU,1604076327
reforma,18.1,-91.02,78.8,90,63,6.53,MX,1604076327
kaitangata,-46.28,169.85,57.99,96,100,1.01,NZ,1604076327
jabiru,,,,,,,,
port-cartier,50.03,-66.87,35.01,53,21,8.99,CA,1604075968
khatanga,71.97,102.5,-8.7,84,0,6.26,RU,1604076328
douglas,41.3,-96.17,44.01,60,1,3.36,US,1604076262
san policarpo,12.18,125.51,81.95,80,100,14.14,PH,1604076329
conceicao do araguaia,-8.26,-49.26,85.26,61,100,5.19,BR,1604076266
severo-kurilsk,50.68,156.12,42.78,87,96,28.1,RU,1604076330
moranbah,-22,148.05,72,63,0,12.48,AU,1604076330
san luis,-33.3,-66.34,73.99,21,0,10.25,AR,1604076238
saskylakh,71.92,114.08,-1.61,86,44,6.53,RU,1604076331
tocopilla,-22.09,-70.2,69.24,44,22,7.58,CL,1604076047
nouakchott,18.09,-15.98,87.8,43,0,18.34,MR,1604076222
saleaula,,,,,,,,
tiznit,29.58,-9.5,80.56,17,0,11.12,MA,1604076332
marawi,8,124.29,73.99,95,94,5.01,PH,1604076332
namibe,-15.2,12.15,73.24,74,17,6.89,AO,1604076332
dunedin,-45.87,170.5,63,60,100,5.59,NZ,1604076333
amqui,48.46,-67.43,32,59,36,8.77,CA,1604076304
kerewan,13.49,-16.09,95,50,0,4.52,GM,1604076333
sao joao da barra,-21.64,-41.05,84.2,70,75,9.17,BR,1604076333
saint anthony,45.02,-93.22,41,59,75,6.93,US,1604076334
zhangye,38.93,100.45,37.69,68,0,1.36,CN,1604076334
nunoa,-14.48,-70.64,59.54,32,100,5.59,PE,1604076334
deputatskiy,69.3,139.9,3.69,96,100,0.49,RU,1604076036
tiksi,71.69,128.87,11.39,96,100,5.86,RU,1604076335
papasquiaro,,,,,,,,
krasnyy chikoy,50.36,108.75,28.96,95,100,7.9,RU,1604076336
cocobeach,1,9.58,82.4,83,20,8.05,GA,1604076336
arman,59.7,150.17,30.94,91,100,9.06,RU,1604076336
bambous virieux,-20.34,57.76,70,52,75,14.99,MU,1604076337
libenge,3.65,18.63,75.51,89,10,3.13,CD,1604076337
gat,31.61,34.76,78.01,100,11,10.31,IL,1604075990
yarmouth,41.71,-70.23,44.01,87,90,19.46,US,1604076225
beringovskiy,63.05,179.32,25.47,82,0,7.2,RU,1604076070
luderitz,-26.65,15.16,66.25,45,66,32.35,NA,1604076094
bengkulu,-3.8,102.27,76.26,88,99,4.94,ID,1604076339
faanui,-16.48,-151.75,79.02,80,0,11.95,PF,1604076339
santa isabel do rio negro,-0.41,-65.02,97.54,42,75,3.98,BR,1604076339
algeciras,36.13,-5.45,66.2,77,75,6.93,ES,1604076340
abu samrah,35.3,37.18,68.99,44,100,3.94,SY,1604076340
kemijarvi,66.71,27.43,26.56,96,0,3.15,FI,1604076340
ngukurr,,,,,,,,
opuwo,-18.06,13.84,74.37,58,83,4.41,NA,1604076341
udachnyy,66.42,112.4,-2.2,91,0,1.79,RU,1604076341
ust-tsilma,65.44,52.15,44.2,89,100,9.82,RU,1604076341
grand river south east,,,,,,,,
kununurra,-15.77,128.73,82.4,83,53,4.7,AU,1604076342
badin,24.66,68.84,79.5,28,0,6.04,PK,1604076342
maridi,4.92,29.47,70.09,93,57,2.57,SS,1604076342
sao jose da coroa grande,-8.9,-35.15,82.71,69,72,11.72,BR,1604076342
rabaul,-4.2,152.17,79.79,81,78,5.55,PG,1604076343
pincher creek,49.48,-113.95,48.99,61,12,25.01,CA,1604076343
port-gentil,-0.72,8.78,84.2,74,40,14.99,GA,1604076335
fortuna,40.6,-124.16,46.4,87,1,5.82,US,1604076344
svetlogorsk,52.63,29.73,46,95,100,5.37,BY,1604076344
kloulklubed,7.04,134.26,77,94,75,15.28,PW,1604076344
shadegan,30.65,48.66,75.2,31,0,4.7,IR,1604076344
maunabo,18.01,-65.9,87.01,100,96,5.99,PR,1604076344
alizai,33.54,70.35,56.86,34,0,2.35,PK,1604076345
narsaq,60.92,-46.05,32,90,75,2.73,GL,1604076345
pontes e lacerda,-15.23,-59.34,82.9,52,94,6.69,BR,1604076345
sladkovo,55.53,70.34,31.46,98,93,7.2,RU,1604076346
tashtyp,52.79,89.9,31.17,94,99,14.76,RU,1604076346
den helder,52.96,4.76,59,93,90,17.22,NL,1604076346
shimoda,34.67,138.95,55.44,65,1,9.75,JP,1604076347
weilheim,47.83,11.15,53.6,76,40,13.87,DE,1604076347
bandiagara,14.35,-3.61,94.14,12,13,9.4,ML,1604076347
mandiana,10.63,-8.68,89.42,31,81,4.38,GN,1604076348
mpika,-11.83,31.45,71.11,43,40,6.31,ZM,1604076348
coihaique,-45.58,-72.07,60.8,48,0,2.24,CL,1604076348
formoso do araguaia,,,,,,,,
amga,60.9,131.96,-1.5,91,98,2.42,RU,1604076349
hualmay,-11.1,-77.61,69.39,66,77,9.35,PE,1604076349
tessalit,20.2,1.01,88.88,12,11,7.9,ML,1604076312
havre-saint-pierre,50.23,-63.6,33.94,79,15,13.51,CA,1604076350
mar del plata,-38,-57.56,59,58,0,13.87,AR,1604076351
utete,-7.99,38.76,76.12,74,0,5.66,TZ,1604076089
shahdadkot,27.85,67.91,71.67,22,0,3.49,PK,1604076351
long xuyen,10.38,105.42,78.8,100,20,3.36,VN,1604076351
blagoyevo,63.37,47.92,42.3,91,100,9.86,RU,1604076352
kawalu,-7.38,108.21,72.7,92,97,0.65,ID,1604076352
yenagoa,4.92,6.26,80.55,85,59,3.8,NG,1604075996
west bay,19.37,-81.42,88,74,40,6.93,KY,1604076063
saint-pierre,-21.34,55.48,68,64,75,11.41,RE,1604076353
zhuhai,22.28,113.57,75.99,78,40,9.17,CN,1604076353
makakilo city,21.35,-158.09,77,65,1,10.29,US,1604076232
bur gabo,,,,,,,,
berdigestyakh,62.1,126.7,-4.88,90,92,3.27,RU,1604076354
srednekolymsk,67.45,153.68,2.75,93,100,3.58,RU,1604076354
khasan,42.43,130.64,43.11,62,0,4.25,RU,1604076354
namatanai,-3.67,152.43,79.3,78,95,1.86,PG,1604076354
nguiu,,,,,,,,
okha,53.57,142.95,33.73,89,86,4.97,RU,1604076355
labrea,-7.26,-64.8,83.21,72,97,3.02,BR,1604076355
iqaluit,63.75,-68.51,3.85,91,75,3.29,CA,1604076355
sur,22.57,59.53,74.73,66,0,5.06,OM,1604076356
bukachacha,52.98,116.92,25.7,93,100,4.05,RU,1604076356
kapuskasing,49.42,-82.43,26.1,87,3,4.74,CA,1604076358
deder,9.32,41.45,60.8,47,76,1.43,ET,1604076358
corner brook,48.97,-57.95,36,63,29,11.77,CA,1604076358
road town,18.42,-64.62,86,70,40,17.22,VG,1604076359
mezhdurechenskiy,59.6,65.93,32.09,97,51,7.63,RU,1604076359
inhambane,-23.86,35.38,78.8,74,40,11.41,MZ,1604076052
lisakovsk,52.54,62.49,35.1,83,0,6.26,KZ,1604076360
muros,42.78,-9.06,63,79,92,1.99,ES,1604076360
coro,11.4,-69.67,87.22,62,93,8.5,VE,1604076360
salinopolis,-0.61,-47.36,85.8,61,100,13.87,BR,1604076360
aflu,,,,,,,,
suez,29.97,32.53,73.89,70,6,14.32,EG,1604076361
tanete,-3.94,119.78,76.5,85,66,1.68,ID,1604076361
chunskiy,56.08,99.63,27.88,97,100,4.07,RU,1604075966
bogotol,56.21,89.53,26.6,99,100,6.53,RU,1604076362
torbay,47.67,-52.73,37.99,53,57,7,CA,1604076071
kyabe,9.45,18.94,82.8,54,33,3.91,TD,1604076362
san patricio,28.02,-97.52,64,55,20,9.17,US,1604076362
kologriv,58.83,44.32,32.54,95,29,5.32,RU,1604076363
comodoro rivadavia,-45.87,-67.5,71.6,35,0,9.17,AR,1604076363
nurota,40.56,65.69,50,34,0,9.17,UZ,1604076363
dzilam gonzalez,21.28,-88.93,78.17,92,59,9.53,MX,1604076363
kiama,-34.68,150.87,63,92,100,10.2,AU,1604076364
flagstaff,35.2,-111.65,55.99,42,1,4.7,US,1604076244
husavik,66.04,-17.34,41,86,90,4.7,IS,1604076364
uvira,-3.41,29.15,75.54,65,85,2.13,CD,1604076365
cabedelo,-6.98,-34.83,86,62,40,13.87,BR,1604076065
ornskoldsvik,63.29,18.72,35.6,93,90,2.24,SE,1604076021
barcelona,41.39,2.16,69.8,88,0,10.29,ES,1604076356
sorong,-0.88,131.25,80.08,83,0,10.98,ID,1604076366
cidreira,-30.18,-50.21,65.84,59,61,10.47,BR,1604076366
paamiut,61.99,-49.67,26.28,84,96,8.93,GL,1604076366
anadyr,64.75,177.48,3.2,91,20,6.71,RU,1604076367
denekamp,52.37,7.01,59,86,100,11.01,DE,1604076367
saint marys,30.73,-81.55,66.99,55,1,10.29,US,1604076367
guerrero negro,27.98,-114.06,74.86,37,24,2.28,MX,1604076368
talcahuano,-36.72,-73.12,68,56,0,6.93,CL,1604076202
asyut,27.18,31.18,82.4,54,0,18.34,EG,1604076368
dubai,25.26,55.3,84.2,54,0,4.7,AE,1604076076
viedma,-40.81,-63,79,19,0,8.01,AR,1604076332
tautira,-17.73,-149.15,75.2,88,75,1.12,PF,1604076369
vemalwada,18.47,78.88,72.95,67,41,3.76,IN,1604076369
saldanha,-33.01,17.94,64.4,48,0,21.92,ZA,1604076370
rocha,-34.48,-54.33,60.55,58,1,10.45,UY,1604076370
nabire,-3.37,135.48,75.56,88,100,4.76,ID,1604076001
sao pedro do sul,-29.62,-54.18,69.8,40,0,17.22,BR,1604076370
roald,62.58,6.13,53.6,66,75,11.41,NO,1604076039
klaksvik,62.23,-6.59,46.4,75,45,19.46,FO,1604076372
pevek,69.7,170.31,23.09,93,82,6.58,RU,1604076372
kampot,10.62,104.18,78.8,94,20,4.14,KH,1604076373
ugoofaaru,5.67,73,82.99,73,77,7.74,MV,1604076373
amancio,,,,,,,,
brae,60.4,-1.35,50,66,20,28.86,GB,1604076373
moose factory,51.26,-80.61,27.1,81,0,8.46,CA,1604076374
lagoa,39.05,-27.98,69.21,89,100,31.18,PT,1604076079
chicama,-7.84,-79.15,60.8,87,90,6.93,PE,1604076374
roma,43.21,-75.46,39.2,64,20,4.7,US,1604075778
purwodadi,-7.09,110.92,79.02,80,100,2.53,ID,1604076374
puerto colombia,10.99,-74.95,86,74,40,9.17,CO,1604076093
baruun-urt,46.68,113.28,40.59,65,95,20.24,MN,1604075985
vostok,46.49,135.88,25,99,92,3.98,RU,1604076375
kieta,-6.22,155.63,76.55,83,100,2.06,PG,1604076376
buala,-8.14,159.59,78.15,80,100,1.83,SB,1604076376
tokoroa,-38.23,175.87,55,92,99,3,NZ,1604076376
laguna,38.42,-121.42,51.8,76,1,3.6,US,1604076274
prince rupert,54.32,-130.32,41.94,77,59,4,CA,1604076376
tilichiki,60.47,166.1,27.1,100,84,2.19,RU,1604076377
tula,54.2,37.61,43.23,81,63,3.6,RU,1604076377
miramar,25.99,-80.23,88,62,1,3.36,US,1604076377
winslow,35.02,-110.7,42.8,33,1,5.82,US,1604076360
kavieng,-2.57,150.8,81.46,77,79,6.46,PG,1604076378
launceston,-41.45,147.17,53.01,100,90,0.94,AU,1604076378
wanaka,-44.7,169.15,52.68,83,100,5.55,NZ,1604076378
allen,41.07,-85.01,42.8,56,75,5.82,US,1604076378
uray,60.12,64.78,32.05,97,93,8.01,RU,1604076379
debre birhan,9.68,39.53,48.67,62,12,5.91,ET,1604076379
leningradskiy,69.38,178.42,17.01,93,53,19.22,RU,1604076338
nagato,34.38,131.2,59,51,20,16.11,JP,1604075989
port macquarie,-31.43,152.92,68,82,75,10.29,AU,1604076379
chuy,-33.7,-53.46,61.63,66,59,12.21,UY,1604076380
carauari,-4.88,-66.9,98.26,40,45,3.33,BR,1604076380
oussouye,12.48,-16.55,96.8,56,20,4.7,SN,1604076381
nizwa,22.93,57.53,69.46,33,0,2.91,OM,1604076351
olafsvik,64.89,-23.71,41.9,73,52,12.1,IS,1604076381
ixtapa,20.7,-105.2,82.99,65,5,3.06,MX,1604076381
lovozero,68,35.01,27.75,96,60,14.72,RU,1604076382
yumen,40.28,97.2,33.15,80,33,11.74,CN,1604076061
kavaratti,10.57,72.64,82.78,73,50,9.13,IN,1604076382
hinton,53.4,-117.59,39.43,77,61,3.65,CA,1604076232
kambarka,56.27,54.21,34.74,87,100,6.64,RU,1604076383
portobelo,9.55,-79.65,86,99,9,4,PA,1604076383
taksimo,56.34,114.88,17.19,92,49,1.14,RU,1604076383
atherton,53.52,-2.49,53.01,75,100,1.99,GB,1604076383
kapoeta,4.77,33.59,83.91,45,100,7.2,SS,1604076384
qasigiannguit,68.82,-51.19,17.6,67,75,3.36,GL,1604076384
adalaj,23.17,72.58,75.2,60,16,5.61,IN,1604076384
new norfolk,-42.78,147.06,45,68,3,2.46,AU,1604076384
cotonou,6.37,2.42,86,74,20,9.17,BJ,1604076386
cairns,-16.92,145.77,75.2,88,16,3.38,AU,1604076356
isangel,-19.55,169.27,74.66,81,87,10.29,VU,1604076386
kudahuvadhoo,2.67,72.89,82.94,76,81,9.4,MV,1604076386
lensk,60.73,114.93,11.21,94,98,4.16,RU,1604076330
santa rosa del sur,7.96,-74.05,82.45,71,20,1.59,CO,1604076388
faya,18.39,42.45,66.2,77,20,4.7,SA,1604076388
palabuhanratu,,,,,,,,
mackay,-21.15,149.2,77,83,2,12.75,AU,1604075792
emba,48.83,58.14,44.91,53,92,11.45,KZ,1604076389
bouza,14.42,6.04,91.04,14,0,5.84,NE,1604076389
santa rosa,14.31,121.11,82.4,78,75,10.69,PH,1604076316
salaga,8.55,-0.52,89.02,47,65,2.86,GH,1604076390
geresk,,,,,,,,
yatou,37.15,122.38,51.89,67,0,3.91,CN,1604076391
bolitoc,15.74,119.88,79.72,79,78,4,PH,1604076391
rawson,-43.3,-65.1,70.74,22,1,9.22,AR,1604076392
puerto del rosario,28.5,-13.86,77,57,40,12.75,ES,1604076392
tomatlan,19.93,-105.25,88.86,59,66,1.95,MX,1604076310
muskogee,35.58,-95.33,53.6,66,1,4.7,US,1604076393
hasaki,35.73,140.83,42.8,87,0,3.36,JP,1604076393
zhigansk,66.77,123.37,-13.09,90,100,0.78,RU,1604076394
the valley,18.22,-63.06,87.8,70,75,20.8,AI,1604076394
tambopata,-12.73,-69.18,73.4,78,90,12.75,PE,1604076394
hofn,64.25,-15.21,41,86,20,5.82,IS,1604076394
maceio,-9.67,-35.74,86,62,40,16.11,BR,1604075773
sambava,-14.27,50.17,74.1,74,46,18.32,MG,1604076395
bandundu,-3.32,17.37,76.69,86,40,1.41,CD,1604076395
kazalinsk,,,,,,,,
ketchikan,55.34,-131.65,44.6,80,40,5.82,US,1604076396
visby,57.64,18.3,50,100,75,5.82,SE,1604076396
springbok,-29.66,17.89,65.8,26,98,15.01,ZA,1604076396
luau,-10.71,22.22,70.07,85,59,3.44,AO,1604076397
altoona,40.52,-78.39,45,86,97,9.73,US,1604076191
malakal,9.53,31.66,77.58,78,79,5.03,SS,1604076397
vanavara,60.34,102.28,8.73,96,89,1.63,RU,1604076398
icod de los vinos,28.37,-16.71,78.01,88,40,11.41,ES,1604076398
yarensk,62.17,49.09,39.02,86,100,9.82,RU,1604076398
ambilobe,-13.2,49.05,76.57,62,45,8.55,MG,1604076399
zalantun,48,122.72,34.93,80,100,2.17,CN,1604076399
provideniya,64.38,-173.3,24.51,92,96,5.1,RU,1604076399
presidencia roque saenz pena,-26.79,-60.44,79,30,48,8.01,AR,1604076399
bathsheba,13.22,-59.52,80.6,88,75,21.92,BB,1604076296
muisne,0.6,-80.03,80.6,83,90,6.93,EC,1604076400
rapid valley,44.06,-103.15,59,65,1,10.29,US,1604076400
kendari,-3.94,122.5,76.66,89,57,3.87,ID,1604076401
sibolga,1.74,98.78,78.01,79,89,3.22,ID,1604076401
nhulunbuy,-12.23,136.77,73.4,73,0,3.49,AU,1604076401
trenggalek,-8.05,111.72,76.46,85,99,1.12,ID,1604076401
tura,25.52,90.22,72.95,79,13,4.41,IN,1604076402
leticia,-4.22,-69.94,89.6,75,40,5.82,CO,1604076402
gravdal,68.12,13.5,37.4,55,0,12.75,NO,1604076345
mount gambier,-37.83,140.77,48.2,93,40,8.05,AU,1604076402
weligama,5.97,80.42,78.75,84,60,7.58,LK,1604076403
north bend,43.41,-124.22,55.99,93,90,11.41,US,1604076403
alto parana,-23.13,-52.32,68,88,75,8.05,BR,1604076403
ruatoria,,,,,,,,
nome,64.5,-165.41,17.6,85,90,3.36,US,1604076403
ibra,22.69,58.53,66.07,55,0,0.89,OM,1604076404
oktyabrskiy,54.48,53.47,36.48,82,99,6.53,RU,1604076404
lebedinyy,58.52,125.52,8.49,95,96,5.03,RU,1604076319
haldensleben,52.29,11.41,57,10,100,16.2,DE,1604076405
mandalgovi,45.76,106.27,26.35,76,0,17.63,MN,1604076405
samalaeulu,,,,,,,,
tabou,4.42,-7.35,81.21,78,12,7.18,CI,1604076406
polson,47.69,-114.16,46,62,64,5.99,US,1604076320
rosamorada,22.12,-105.21,85.44,48,1,1.92,MX,1604076406
rundu,-17.93,19.77,81.81,36,82,8.16,NA,1604076407
dicabisagan,17.08,122.42,78.51,81,55,13.29,PH,1604076407
guararapes,-21.26,-50.64,83.1,61,89,10.83,BR,1604076407
peace river,56.25,-117.29,28,100,100,1.99,CA,1604076408
seoul,37.57,126.98,42.8,81,1,3.42,KR,1604076408
la ronge,55.1,-105.28,21.36,93,100,11.77,CA,1604076408
molokovo,58.17,36.76,39.58,87,95,4.7,RU,1604076408
abha,18.22,42.51,66.2,77,20,4.7,SA,1604076330
petropavlovsk-kamchatskiy,53.05,158.65,35.6,100,75,4.47,RU,1604076128
baiyin,36.56,104.21,46.99,41,0,6.71,CN,1604076409
umm lajj,25.02,37.27,79,66,0,0.58,SA,1604076410
suleja,9.18,7.18,93.2,38,0,4.7,NG,1604076410
las vegas,36.17,-115.14,68,21,1,1.86,US,1604076325
viransehir,37.24,39.76,71.15,22,97,3.31,TR,1604076411
ciudad bolivar,8.12,-63.55,92.05,51,91,7.38,VE,1604076412
hovd,48.01,91.64,30,79,73,5.06,MN,1604076038
slavonski brod,45.16,18.02,57.99,74,100,1.21,HR,1604076413
terney,45.05,136.61,37.22,79,36,6.8,RU,1604076068
shenjiamen,29.96,122.3,62.04,68,0,10.25,CN,1604076413
chernyshevskiy,63.01,112.47,1.62,91,100,7.18,RU,1604076413
sao paulo de olivenca,-3.38,-68.87,96.53,45,5,4.36,BR,1604076414
kirakira,-10.45,161.92,77.49,73,100,0.83,SB,1604076414
tempoal,,,,,,,,
bokspits,,,,,,,,
soure,-0.72,-48.52,86.85,63,100,15.7,BR,1604076415
gamba,-2.65,10,77.63,86,68,9.04,GA,1604076415
palmer,42.16,-72.33,34,96,90,10.29,US,1604076414
bobovdol,42.37,23.02,50,61,0,13.87,BG,1604076416
satuk,41.23,32.38,55.26,78,82,1.5,TR,1604076416
pangkalanbuun,-2.68,111.62,76.24,93,97,2.04,ID,1604076323
half moon bay,37.46,-122.43,53.6,93,90,3.36,US,1604076417
bato,13.35,123.37,76.86,90,93,4.79,PH,1604076417
williston,48.15,-103.62,44.01,94,8,3,US,1604076273
ghoti,19.72,73.62,69.78,60,7,3.44,IN,1604076418
adrar,20.5,-10.07,93.29,11,62,6.55,MR,1604076418
jiroft,,,,,,,,
hvammstangi,,,,,,,,
gien,47.69,2.63,60.01,88,27,4.21,FR,1604076419
jacareacanga,-6.22,-57.75,87.12,62,100,4.72,BR,1604076419
axim,4.87,-2.24,81.77,75,42,6.11,GH,1604076046
skibbereen,51.55,-9.27,50,76,40,8.05,IE,1604076420
cortes,41.94,-1.44,68,49,0,4.7,ES,1604076420
taybad,34.74,60.78,44.17,48,0,6.85,IR,1604076420
morant bay,17.88,-76.41,88,70,75,4.7,JM,1604076420
maniitsoq,65.42,-52.9,23.56,87,89,3.56,GL,1604076421
fontem,5.47,9.88,72.41,81,47,0.81,CM,1604076421
caborca,30.58,-111.1,75.51,20,29,4.27,MX,1604076421
voskresenskoye,56.84,45.43,36.21,95,71,5.73,RU,1604076421
ostrovnoy,68.05,39.51,34.41,89,69,20.31,RU,1604076422
mackenzie,55.3,-123.17,30.56,96,100,7.87,CA,1604076303
arlit,18.74,7.39,88.09,12,0,19.08,NE,1604076423
labutta,,,,,,,,
panaba,21.28,-88.27,80.2,87,32,12.86,MX,1604076424
touho,-20.78,165.23,76.08,81,82,14.79,NC,1604076424
portland,45.52,-122.68,51.8,87,90,6.93,US,1604076215
vyartsilya,62.18,30.69,42.03,88,50,3.47,RU,1604076425
rio grande,-32.03,-52.1,69.01,67,49,5.99,BR,1604076166
marrakesh,31.63,-8.01,87.8,16,40,6.93,MA,1604076278
moussoro,13.64,16.49,91.98,15,0,13.38,TD,1604076426
san juan,-31.54,-68.54,75.43,19,0,4.38,AR,1604076211
tumannyy,,,,,,,,
ipixuna,-1.76,-48.8,86,74,75,10.29,BR,1604076427
esperance,-33.87,121.9,57.2,71,62,14.99,AU,1604076427
minab,27.15,57.08,78.8,50,0,4.7,IR,1604076288
hami,42.8,93.45,36.68,65,0,4.36,CN,1604076427
khromtau,50.25,58.43,40.51,64,98,9.06,KZ,1604076428
zhigalovo,54.81,105.16,21.65,91,92,2.06,RU,1604076429
beihai,21.48,109.1,71.24,84,93,9.31,CN,1604076429
alakurtti,66.97,30.35,21,93,13,3,RU,1604076429
sinnamary,5.38,-52.95,87.42,63,77,13.67,GF,1604076430
porto novo,6.5,2.6,86,74,20,9.17,BJ,1604076430
acajutla,13.59,-89.83,86,55,0,3.36,SV,1604076430
goldenrod,28.61,-81.29,75.99,46,1,10.29,US,1604076283
vila franca do campo,37.72,-25.43,69.8,88,75,14.99,PT,1604076431
hita,33.32,130.93,53.01,32,11,4.59,JP,1604076431
dhidhdhoo,6.88,73.1,82.71,74,97,9.82,MV,1604076431
zheleznodorozhnyy,55.75,38,41,93,75,4.47,RU,1604076432
daxian,,,,,,,,
tezu,27.92,96.17,75.22,37,0,4.41,IN,1604076432
milingimbi,,,,,,,,
sayyan,15.17,44.32,56.61,37,0,5.77,YE,1604076433
irgakly,44.36,44.76,56.88,92,4,4.97,RU,1604076433
abonnema,4.71,6.79,82.51,75,56,6.26,NG,1604076433
listvyanka,51.85,104.87,21.2,100,77,2.24,RU,1604076433
guadalupe y calvo,26.1,-106.97,70.93,26,100,0.83,MX,1604076434
turochak,52.26,87.12,30.83,98,100,5.68,RU,1604076434
ahipara,-35.17,173.17,62.37,91,100,9.53,NZ,1604075988
tamandare,-8.76,-35.1,83.17,67,65,11.07,BR,1604076434
cervo,43.67,-7.41,69.01,69,0,1.99,ES,1604076435
vaxjo,56.88,14.81,44.6,100,76,1.12,SE,1604076435
kralendijk,12.15,-68.27,84.2,83,75,4.7,BQ,1604076435
norman wells,65.28,-126.83,9.23,93,97,4.92,CA,1604076435
katobu,-4.94,122.53,77.54,83,55,1.43,ID,1604076436
kraslice,50.32,12.52,51.01,86,99,1.01,CZ,1604076436
bonavista,48.65,-53.11,37,61,60,5.99,CA,1604076436
batagay,67.63,134.63,-1.88,91,100,2.53,RU,1604076436
mrirt,,,,,,,,
araceli,10.55,119.99,82.74,78,100,9.17,PH,1604076437
marathon,44.9,-89.77,36,50,1,5.82,US,1604076437
barahona,18.21,-71.1,78.8,94,75,9.17,DO,1604076437
nago,26.59,127.98,69.8,82,20,4.7,JP,1604076438
kolokani,13.57,-8.03,92.71,16,50,7.74,ML,1604076438
luganville,-15.53,167.17,77.67,84,61,10.38,VU,1604076438
bara,10.37,10.73,83.91,31,2,1.1,NG,1604076438
tefe,-3.35,-64.71,91.4,70,40,8.05,BR,1604076439
juliaca,-15.5,-70.13,59,21,20,4.7,PE,1604076439
cap-aux-meules,47.38,-61.86,35.53,81,83,23.49,CA,1604076054
talara,-4.58,-81.27,68,82,75,19.46,PE,1604076439
guasdualito,7.24,-70.73,87.84,70,33,5.55,VE,1604076440
debre tabor,11.85,38.02,53.65,70,15,2.35,ET,1604076440
buraydah,26.33,43.98,77,22,0,5.82,SA,1604076018
te anau,-45.42,167.72,53.44,92,100,1.45,NZ,1604076441
owando,-0.48,15.9,74.12,92,85,1.48,CG,1604076072
mezen,65.85,44.24,34.34,95,100,11.3,RU,1604076441
general roca,-39.03,-67.58,75.2,19,0,12.75,AR,1604076441
port moresby,-9.44,147.18,75.2,94,75,3.36,PG,1604076442
iwanai,42.97,140.51,44.85,84,65,5.08,JP,1604076442
richards bay,-28.78,32.04,68.88,84,83,15.26,ZA,1604076442
eureka,40.8,-124.16,46.4,100,90,4.41,US,1604076442
mao,39.89,4.27,68,68,0,6.93,ES,1604076076
bongaree,-27.08,153.16,73,3,0,16.33,AU,1604076443
bemidji,47.47,-94.88,37,91,90,4.7,US,1604076443
samfya,-11.36,29.56,82.74,28,4,11.23,ZM,1604076443
sivaki,52.63,126.75,25.79,97,100,3.58,RU,1604076444
port hawkesbury,45.62,-61.35,37.99,57,77,8.01,CA,1604076444
varva,50.49,32.72,50.22,75,100,2.08,UA,1604076444
haines junction,60.75,-137.51,18.97,92,100,5.12,CA,1604076444
lata,40.16,-8.33,71.01,67,0,5.01,PT,1604076445
black diamond,47.31,-122,55.99,93,76,11.95,US,1604076343
yirol,,,,,,,,
jamame,0.07,42.75,79.02,78,92,7.9,SO,1604076445
lewistown,40.6,-77.57,46,81,90,8.05,US,1604076446
kashi,39.45,75.98,42.8,26,4,8.95,CN,1604076446
port-de-paix,,,,,,,,
poum,-20.23,164.02,77.36,80,44,18.1,NC,1604076446
kardamaina,36.78,27.14,68,77,40,8.05,GR,1604076447
bechem,7.09,-2.02,85.17,60,75,3.33,GH,1604076447
greytown,-29.06,30.59,58.46,91,78,6.06,ZA,1604076447
vinderup,56.48,8.79,55.4,93,90,6.93,DK,1604076447
karatu,-3.33,35.67,68.5,64,81,9.4,TZ,1604076448
davila,18.47,120.58,79.93,80,26,25.48,PH,1604076448
port hedland,-20.32,118.57,80.6,51,64,12.75,AU,1604076448
kantunilkin,21.09,-87.45,84.2,79,75,10.29,MX,1604076378
kargasok,59.06,80.86,27.3,99,100,3.06,RU,1604076449
gusau,12.16,6.66,86.85,24,0,6.67,NG,1604076449
marzuq,14.4,46.47,70.16,63,0,3.69,YE,1604076449
fort nelson,58.81,-122.7,20.14,94,100,10.33,CA,1604076450
show low,34.25,-110.03,57,40,1,4.45,US,1604076450
nishihara,26.18,127.76,71.6,52,5,4.7,JP,1604076450
leninsk-kuznetskiy,54.66,86.17,32,99,90,13.42,RU,1604076450
sale,34.04,-6.82,69.8,77,40,4.7,MA,1604076451
katangli,51.71,143.23,31.62,95,1,4.99,RU,1604076451
mount isa,-20.73,139.5,73.4,15,0,11.41,AU,1604076451
manggar,-2.88,108.27,79.18,83,85,3.62,ID,1604075981
warqla,,,,,,,,
calella,41.62,2.67,66,80,0,3,ES,1604076452
chabahar,25.29,60.64,71.6,53,0,8.46,IR,1604076452
karatau,43.17,70.47,34.59,82,0,2.06,KZ,1604076453
natal,-5.79,-35.21,87.8,55,20,13.87,BR,1604076363
karratha,-20.74,116.85,75.58,59,5,8.37,AU,1604076453
sabha,27.04,14.43,68.11,40,0,7.67,LY,1604076454
ayorou,14.73,0.92,95.74,10,27,7.78,NE,1604076454
rosarito,32.33,-117.03,69.8,25,5,4.7,MX,1604076454
ust-omchug,61.15,149.63,18.79,94,100,3.47,RU,1604076455
maracaibo,10.63,-71.64,90.32,56,98,2.84,VE,1604076455
tucupita,9.06,-62.05,84.69,83,93,5.91,VE,1604076455
piranhas,-16.43,-51.82,87.84,51,83,5.32,BR,1604076455
gladstone,-23.85,151.25,75.2,78,90,13.87,AU,1604076455
chipinge,-20.19,32.62,72.21,47,0,13.87,ZW,1604076456
segezha,63.74,34.32,35.1,85,83,8.99,RU,1604076456
inongo,-1.95,18.27,74.89,85,33,2.42,CD,1604076456
